{"batch_loss":NaN,"_timestamp":1.7422308482691848e+09,"val_loss":NaN,"step":16879,"train_accuracy":0.09944444444444445,"val_accuracy":0.105,"_wandb":{"runtime":80},"_runtime":80.3042258,"train_loss":NaN,"epoch":10,"batch_accuracy":0.0625,"_step":16889}