{"val_accuracy":0.10266666666666667,"_step":16889,"_wandb":{"runtime":137},"_timestamp":1.7422309905223954e+09,"val_loss":2.3055951590699237,"step":16879,"batch_accuracy":0.125,"epoch":10,"train_loss":2.305232583296303,"train_accuracy":0.0997037037037037,"batch_loss":2.3152228010793037,"_runtime":137.0255804}