{"_timestamp":1.7422311596091032e+09,"batch_loss":2.0648652537509466,"train_loss":2.0491843154424902,"val_loss":2.0483449387297052,"step":16879,"epoch":10,"_wandb":{"runtime":66},"val_accuracy":0.36666666666666664,"_step":16889,"_runtime":66.4691317,"train_accuracy":0.37448148148148147,"batch_accuracy":0.5625}