{"val_loss":9.531427924549957,"_wandb":{"runtime":128},"train_loss":9.597070042538526,"val_accuracy":0.10483333333333333,"_timestamp":1.7422316068531556e+09,"train_accuracy":0.10785185185185185,"_step":16889,"_runtime":128.3995465,"step":16879,"batch_accuracy":0.0625,"epoch":10,"batch_loss":7.381043475599521}