{"_wandb":{"runtime":89},"_step":33759,"train_loss":NaN,"val_accuracy":0.105,"epoch":10,"_timestamp":1.7422310861706028e+09,"step":33749,"_runtime":89.8541657,"batch_loss":NaN,"batch_accuracy":0.3125,"train_accuracy":0.09944444444444445,"val_loss":NaN}